"","p_val","avg_log2FC","pct.1","pct.2","p_val_adj","cluster","gene"
"Cldn11",0,2.53381510740953,0.871,0.442,0,"0","Cldn11"
"Mag",0,2.35170096691145,0.749,0.35,0,"0","Mag"
"S100a4",0,3.7532044764606,0.478,0.081,0,"0","S100a4"
"Hapln2",0,2.10868251250692,0.71,0.346,0,"0","Hapln2"
"Cryab",0,2.08538082230687,0.837,0.489,0,"0","Cryab"
"Csrp1",0,1.70022931765225,0.894,0.558,0,"0","Csrp1"
"S1pr5",0,2.26181195077385,0.514,0.195,0,"0","S1pr5"
"Igfbp5",0,1.27648735515968,0.875,0.565,0,"0","Igfbp5"
"Marcksl1",0,1.14839762851383,0.929,0.625,0,"0","Marcksl1"
"Tppp3",0,1.10309546578859,0.807,0.515,0,"0","Tppp3"
"Zeb2",0,1.30088362593211,0.864,0.591,0,"0","Zeb2"
"Ldlrap1",0,1.96948830444232,0.498,0.229,0,"0","Ldlrap1"
"Clmn",0,0.909397360560972,0.944,0.676,0,"0","Clmn"
"Fxyd1",0,1.28439323909711,0.922,0.656,0,"0","Fxyd1"
"St3gal4",0,1.63070088678997,0.853,0.593,0,"0","St3gal4"
"Sept4",0,1.71235020265487,0.737,0.479,0,"0","Sept4"
"Car2",0,1.59398057362367,0.761,0.511,0,"0","Car2"
"Olig1",0,1.78281768425481,0.573,0.324,0,"0","Olig1"
"Phldb1",0,1.773440910529,0.668,0.424,0,"0","Phldb1"
"Fgfr2",0,1.48980819660422,0.722,0.478,0,"0","Fgfr2"
"Hs3st2",0,3.93926122218661,0.669,0.057,0,"1","Hs3st2"
"Stac2",0,2.66649493971936,0.947,0.346,0,"1","Stac2"
"Ier5",0,1.85297507314366,0.926,0.373,0,"1","Ier5"
"Arc",0,1.95113939611186,0.737,0.214,0,"1","Arc"
"Tmem178",0,2.4063238236362,0.701,0.183,0,"1","Tmem178"
"Satb2",0,2.10252156934729,0.66,0.153,0,"1","Satb2"
"Nxph3",0,3.13275650061595,0.591,0.086,0,"1","Nxph3"
"Ephb6",0,2.1286593496422,0.716,0.222,0,"1","Ephb6"
"Dkk3",0,1.80632797573698,0.983,0.493,0,"1","Dkk3"
"Mmp17",0,1.93496528036205,0.744,0.257,0,"1","Mmp17"
"Anxa4",0,2.02914281577881,0.688,0.204,0,"1","Anxa4"
"Diras2",0,1.77704069971199,0.839,0.375,0,"1","Diras2"
"Ngef",0,1.50545663619135,0.756,0.294,0,"1","Ngef"
"Kcnh7",0,1.27316899250441,0.778,0.317,0,"1","Kcnh7"
"Gas7",0,1.29912102109432,0.89,0.433,0,"1","Gas7"
"Kcnip3",0,1.45426289371592,0.881,0.43,0,"1","Kcnip3"
"Satb1",0,1.50249130624958,0.884,0.437,0,"1","Satb1"
"Cabp1",0,1.5243603747539,0.927,0.481,0,"1","Cabp1"
"Stx1a",0,1.25871537164076,0.951,0.506,0,"1","Stx1a"
"Ttc9b",0,1.78253882564055,0.74,0.308,0,"1","Ttc9b"
"Rab37",0,3.47833678006212,0.904,0.122,0,"2","Rab37"
"Adra1b",0,3.14412895185446,0.895,0.189,0,"2","Adra1b"
"Prkcd",0,3.48050079804995,0.798,0.093,0,"2","Prkcd"
"Zic1",0,2.34062236758483,0.856,0.176,0,"2","Zic1"
"Pcp4",0,2.82754312953455,0.881,0.232,0,"2","Pcp4"
"Cpne9",0,2.74833963687336,0.909,0.261,0,"2","Cpne9"
"Rgs3",0,2.43992103806725,0.898,0.279,0,"2","Rgs3"
"Plcb4",0,2.53261374765784,0.858,0.249,0,"2","Plcb4"
"Syt9",0,2.11749298302984,0.797,0.197,0,"2","Syt9"
"Ramp3",0,3.16240038786147,0.701,0.126,0,"2","Ramp3"
"Tmem163",0,2.20339656103016,0.81,0.248,0,"2","Tmem163"
"Cit",0,2.14614504159516,0.914,0.394,0,"2","Cit"
"Lrrtm1",0,2.17189770761064,0.82,0.308,0,"2","Lrrtm1"
"Wnt9b",0,3.72213280477464,0.556,0.049,0,"2","Wnt9b"
"Prox1",0,1.5789687171772,0.771,0.277,0,"2","Prox1"
"Ccdc136",0,2.25653659617798,0.657,0.173,0,"2","Ccdc136"
"Mrvi1",0,2.77216098563827,0.587,0.109,0,"2","Mrvi1"
"Adarb1",0,2.25716557561727,0.719,0.241,0,"2","Adarb1"
"Slc6a11",0,1.2772687711482,0.898,0.439,0,"2","Slc6a11"
"Zdhhc22",0,1.97760276126734,0.749,0.293,0,"2","Zdhhc22"
"Lamp51",0,3.01474985664313,0.769,0.151,0,"3","Lamp5"
"Gpr261",0,2.10638000726426,0.902,0.3,0,"3","Gpr26"
"Satb21",0,2.34244006468998,0.748,0.156,0,"3","Satb2"
"Ier51",0,2.30762450941084,0.97,0.382,0,"3","Ier5"
"Kcnh31",0,2.05197727217945,0.864,0.277,0,"3","Kcnh3"
"Kcnh71",0,2.17015711659206,0.898,0.315,0,"3","Kcnh7"
"Kcnq51",0,2.22056120292124,0.869,0.297,0,"3","Kcnq5"
"Arc1",0,2.20336370846063,0.792,0.221,0,"3","Arc"
"Car101",0,2.12985246642067,0.845,0.287,0,"3","Car10"
"Hpca1",0,1.46824550333199,0.849,0.294,0,"3","Hpca"
"Ngef1",0,1.8913493052472,0.846,0.296,0,"3","Ngef"
"Fmnl11",0,2.00800004924108,0.935,0.404,0,"3","Fmnl1"
"Adrb11",0,2.16074852395305,0.766,0.242,0,"3","Adrb1"
"Itpka1",0,1.87410934005639,0.742,0.226,0,"3","Itpka"
"Camkk21",0,2.09176143093725,0.721,0.21,0,"3","Camkk2"
"Kcnk41",0,1.83184364725692,0.811,0.307,0,"3","Kcnk4"
"Tyro31",0,1.57478030125283,0.861,0.358,0,"3","Tyro3"
"Cabp11",0,1.99311428030541,0.982,0.487,0,"3","Cabp1"
"Grasp1",0,1.83918482560091,0.751,0.263,0,"3","Grasp"
"Gas71",0,1.4260219787796,0.926,0.441,0,"3","Gas7"
"Baiap3",0,3.58360157943823,0.818,0.095,0,"4","Baiap3"
"Cartpt",0,6.48556474474894,0.718,0.05,0,"4","Cartpt"
"Ecel1",0,3.72802459952515,0.729,0.104,0,"4","Ecel1"
"Hap1",0,2.87016438866954,0.941,0.317,0,"4","Hap1"
"Vat1l",0,2.50874867279188,0.927,0.31,0,"4","Vat1l"
"Tmem255a",0,3.81579437727842,0.712,0.115,0,"4","Tmem255a"
"Cbln1",0,3.56128290986761,0.618,0.066,0,"4","Cbln1"
"Gpx3",0,3.64410607698499,0.62,0.07,0,"4","Gpx3"
"Nrsn2",0,2.10747692350296,0.816,0.296,0,"4","Nrsn2"
"Spint2",0,2.19417953092487,0.811,0.304,0,"4","Spint2"
"Zcchc12",0,1.92355922966924,0.816,0.312,0,"4","Zcchc12"
"Scg2",0,2.43771178758694,0.863,0.361,0,"4","Scg2"
"Vat1",0,2.11630005097037,0.875,0.379,0,"4","Vat1"
"Six3",0,2.11896215899664,0.628,0.139,0,"4","Six3"
"Gal",0,4.81508512158746,0.538,0.05,0,"4","Gal"
"Slc6a111",0,1.78156461398017,0.926,0.441,0,"4","Slc6a11"
"Tox21",0,1.84702038100212,0.788,0.313,0,"4","Tox2"
"Tppp31",0,1.92671564740722,0.963,0.512,0,"4","Tppp3"
"Gpr165",0,3.84138864414033,0.493,0.045,0,"4","Gpr165"
"Grb10",0,2.02496338748636,0.664,0.223,0,"4","Grb10"
"Ddn1",0,1.21564124023502,0.984,0.649,0,"5","Ddn"
"Trim541",0,2.74534788428858,0.342,0.065,0,"5","Trim54"
"Hpcal42",0,1.19723529189372,0.988,0.732,0,"5","Hpcal4"
"Nptxr2",0,1.81744113603286,1,0.919,0,"5","Nptxr"
"Icam52",9.32005434314927e-320,1.196386886443,0.888,0.48,9.03020065307733e-316,"5","Icam5"
"Wfs11",1.24346441745325e-319,0.907612261808265,0.818,0.384,1.20479267407045e-315,"5","Wfs1"
"Sept52",2.16593206071864e-313,0.934692022032808,0.998,0.926,2.09857157363029e-309,"5","Sept5"
"Camk2n11",1.40481607400967e-308,1.08156085512669,0.999,0.954,1.36112629410797e-304,"5","Camk2n1"
"Marcksl12",9.60856317347143e-290,1.3327260195334,0.903,0.651,9.30973685877647e-286,"5","Marcksl1"
"Gprin12",3.13215172800357e-286,1.2557352904177,0.87,0.543,3.03474180926266e-282,"5","Gprin1"
"Nrxn21",8.0341876499624e-284,0.722536763415359,0.998,0.986,7.78432441404857e-280,"5","Nrxn2"
"Celf41",4.30201797279032e-282,0.914052190438723,0.978,0.804,4.16822521383654e-278,"5","Celf4"
"Stx1a2",8.899887190168e-279,1.14570767467414,0.903,0.536,8.62310069855378e-275,"5","Stx1a"
"Camkv2",5.01353259803567e-249,1.00046462891041,0.925,0.687,4.85761173423676e-245,"5","Camkv"
"Syn22",1.99279638436039e-240,1.04068229950872,0.898,0.662,1.93082041680678e-236,"5","Syn2"
"Ly6h2",1.96053485890706e-230,0.777011023395608,0.995,0.814,1.89956222479505e-226,"5","Ly6h"
"Limd21",1.81472333815037e-226,1.11440923152445,0.863,0.583,1.75828544233389e-222,"5","Limd2"
"Celf31",2.53722226878596e-224,0.856361256684348,0.961,0.834,2.45831465622672e-220,"5","Celf3"
"Ppfibp11",1.0059386444626e-209,1.40932091796082,0.628,0.292,9.74653952619813e-206,"5","Ppfibp1"
"Plppr4",9.43212112347198e-207,0.898125900185685,0.89,0.665,9.138782156532e-203,"5","Plppr4"
"Id31",0,2.17247306063949,0.758,0.282,0,"6","Id3"
"Igf2",0,3.46109095373761,0.687,0.221,0,"6","Igf2"
"Igfbp2",0,4.33405826939962,0.31,0.036,0,"6","Igfbp2"
"Igfbp7",0,1.7336310132877,0.954,0.759,0,"6","Igfbp7"
"Plpp3",0,1.38124936988141,0.984,0.839,0,"6","Plpp3"
"Clu1",0,0.906441592099899,1,0.99,0,"6","Clu"
"Atp1a21",0,1.11270779162662,1,0.996,0,"6","Atp1a2"
"Apoe1",0,1.24591405135359,0.999,0.997,0,"6","Apoe"
"S100b1",0,0.925032868018273,0.997,0.999,0,"6","S100b"
"Ppp1r9b1",1.1096882387914e-317,1.11017415781037,0.995,0.984,1.07517693456499e-313,"6","Ppp1r9b"
"Fxyd11",2.52382565733792e-316,1.51275485779474,0.946,0.678,2.44533467939471e-312,"6","Fxyd1"
"Serpinh11",8.11570984590748e-316,2.12697497481149,0.712,0.313,7.86331126969975e-312,"6","Serpinh1"
"Aebp1",2.79826292789671e-307,3.13312414225455,0.298,0.052,2.71123695083912e-303,"6","Aebp1"
"Gfap1",3.52510598780377e-288,1.4466503672807,0.988,0.795,3.41547519158307e-284,"6","Gfap"
"Gjb2",8.50411656760749e-278,3.32554713796393,0.286,0.053,8.2396385423549e-274,"6","Gjb2"
"Camk2a2",2.09184258242383e-276,1.25936857083473,0.956,0.895,2.02678627811045e-272,"6","Camk2a"
"Ptgds1",6.77880938071201e-260,3.4437542828178,0.95,0.811,6.56798840897187e-256,"6","Ptgds"
"Slc2a11",2.47396090547682e-259,1.29853899342644,0.925,0.726,2.39702072131649e-255,"6","Slc2a1"
"Myl9",3.00130356136805e-259,3.30626888288559,0.458,0.146,2.9079630206095e-255,"6","Myl9"
"Camk2n12",3.8488692622346e-245,1.22649526487634,0.977,0.955,3.7291694281791e-241,"6","Camk2n1"
"Baiap31",0,2.9120570241943,0.79,0.131,0,"7","Baiap3"
"Hap11",0,2.46178860546904,0.952,0.345,0,"7","Hap1"
"Vat1l1",0,1.75010379733208,0.91,0.34,0,"7","Vat1l"
"Zcchc122",0,1.97917122546747,0.861,0.333,0,"7","Zcchc12"
"Six31",0,1.76667151524095,0.654,0.16,0,"7","Six3"
"Nos12",0,3.0520393699182,0.647,0.171,0,"7","Nos1"
"Meis22",0,2.19840268947918,0.592,0.162,0,"7","Meis2"
"Pnck2",0,2.17817332822363,0.612,0.186,0,"7","Pnck"
"Gad21",0,1.49346695373014,0.941,0.559,0,"7","Gad2"
"Krt71",0,3.47357091752664,0.421,0.044,0,"7","Krt71"
"Gaa1",0,1.44934166953558,0.94,0.598,0,"7","Gaa"
"Nnat2",0,1.586032963213,0.999,0.759,0,"7","Nnat"
"Ly6h3",0,1.32317311254563,0.995,0.816,0,"7","Ly6h"
"Pgrmc12",0,1.22028070109337,0.995,0.909,0,"7","Pgrmc1"
"Pnmal22",0,1.25770707064955,0.999,0.93,0,"7","Pnmal2"
"Cpne72",4.9602659238959e-317,1.61231079407191,0.801,0.351,4.80600165366274e-313,"7","Cpne7"
"Zim11",4.10976682822313e-314,2.77353233800648,0.279,0.042,3.98195307986539e-310,"7","Zim1"
"Hpcal43",3.08623030022801e-303,1.10271068060112,0.984,0.735,2.99024853789092e-299,"7","Hpcal4"
"Tspyl21",6.662772061201e-300,1.32206783428222,0.908,0.604,6.45555985009765e-296,"7","Tspyl2"
"Nrsn22",1.63963554623794e-292,1.53200059244766,0.761,0.324,1.58864288074994e-288,"7","Nrsn2"
"Cabp7",0,2.80836574201783,0.989,0.262,0,"8","Cabp7"
"Lrrc10b",0,3.74656972065969,0.466,0.042,0,"8","Lrrc10b"
"Bhlhe22",0,3.36167241968755,0.427,0.063,0,"8","Bhlhe22"
"Ddn3",0,1.88374484190411,0.998,0.657,0,"8","Ddn"
"Ntf3",0,4.32841062973914,0.368,0.036,0,"8","Ntf3"
"Adcy13",0,2.57404540397665,0.99,0.783,0,"8","Adcy1"
"Camk2a3",0,1.57829011427376,1,0.895,0,"8","Camk2a"
"Kcnab21",1.0238021699619e-289,1.31108584312829,0.997,0.842,9.91961922476081e-286,"8","Kcnab2"
"Nsmf1",2.06583617644666e-260,1.40576715500458,0.999,0.915,2.00158867135917e-256,"8","Nsmf"
"Jph44",1.37119468596468e-255,1.42106266844695,0.942,0.707,1.32855053123117e-251,"8","Jph4"
"Sowaha4",2.53030454112343e-237,1.99300103423039,0.698,0.27,2.4516120698945e-233,"8","Sowaha"
"Camta21",1.1833928964627e-234,1.31222487088603,0.951,0.783,1.14658937738271e-230,"8","Camta2"
"Pxdn2",2.37910509794314e-226,3.06005851995678,0.465,0.128,2.3051149293971e-222,"8","Pxdn"
"Ntng23",3.65489201234938e-223,1.61792589966058,0.785,0.364,3.54122487076532e-219,"8","Ntng2"
"Ncs12",6.84953221557315e-222,1.1052678317917,1,0.988,6.63651176366883e-218,"8","Ncs1"
"Gfod13",1.2702853587098e-221,1.61995937861845,0.851,0.551,1.23077948405393e-217,"8","Gfod1"
"Epha8",1.15780510377743e-216,3.27772762532821,0.4,0.098,1.12179736504996e-212,"8","Epha8"
"Ski3",3.65623866366034e-204,1.07363388978957,0.973,0.842,3.54252964122051e-200,"8","Ski"
"Cbfa2t34",4.19386014733815e-197,1.65053418936278,0.761,0.374,4.06343109675594e-193,"8","Cbfa2t3"
"Kcng11",1.04878716520078e-192,2.63484702284887,0.371,0.089,1.01616988436304e-188,"8","Kcng1"
"Zic11",0,1.98631902423457,0.893,0.226,0,"9","Zic1"
"Gbx2",0,4.83120023418608,0.644,0.034,0,"9","Gbx2"
"Cpne73",0,2.58544445455284,0.934,0.354,0,"9","Cpne7"
"Ptger31",0,3.23284728145291,0.646,0.092,0,"9","Ptger3"
"Tcf7l21",0,2.83822005186686,0.655,0.106,0,"9","Tcf7l2"
"Slc6a112",0,1.99860043258963,0.966,0.471,0,"9","Slc6a11"
"Grm41",0,2.42220500472583,0.594,0.128,0,"9","Grm4"
"Grid2ip",0,3.14447276147987,0.392,0.048,0,"9","Grid2ip"
"Epha1",0,5.08880286311548,0.285,0.009,0,"9","Epha1"
"Htr2c3",2.17388884170148e-322,1.92729949720867,0.733,0.218,2.10628089872457e-318,"9","Htr2c"
"Ramp31",2.0331789457659e-319,2.2884955118605,0.657,0.171,1.96994708055258e-315,"9","Ramp3"
"Foxp2",1.07565996149973e-318,2.63056141121801,0.495,0.098,1.04220693669709e-314,"9","Foxp2"
"Adcy81",4.84913555043189e-314,1.9180233406804,0.828,0.297,4.69832743481346e-310,"9","Adcy8"
"Tox",3.29313374279607e-308,2.36839082672261,0.598,0.151,3.19071728339511e-304,"9","Tox"
"Cit1",3.28370618689255e-306,1.74023872954044,0.925,0.433,3.1815829244802e-302,"9","Cit"
"Syt92",2.73483848674218e-301,1.50062699931981,0.785,0.243,2.64978500980449e-297,"9","Syt9"
"Ccdc1361",2.05460625275312e-298,1.97677377913861,0.708,0.208,1.9907079982925e-294,"9","Ccdc136"
"Cpne91",4.41952756981801e-298,1.69912055975663,0.85,0.311,4.28208026239666e-294,"9","Cpne9"
"Rab3c2",2.86858908064476e-295,1.7232810382474,0.941,0.502,2.77937596023671e-291,"9","Rab3c"
"Oxr11",1.4509302385321e-294,1.52045777041301,0.966,0.724,1.40580630811375e-290,"9","Oxr1"
"Gpr883",0,3.94689359020033,0.818,0.145,0,"10","Gpr88"
"Six32",0,2.39582143581252,0.716,0.169,0,"10","Six3"
"Tac11",0,3.48320757444413,0.626,0.099,0,"10","Tac1"
"Pde1b3",0,2.83375235911722,0.74,0.238,0,"10","Pde1b"
"Meis23",0,2.5612370804747,0.658,0.169,0,"10","Meis2"
"Drd2",0,4.92341086989212,0.464,0.026,0,"10","Drd2"
"Asic4",0,3.11185830173871,0.508,0.094,0,"10","Asic4"
"Dach1",0,3.09315710015925,0.437,0.068,0,"10","Dach1"
"Ppp1r1b",0,4.07239387938348,1,0.761,0,"10","Ppp1r1b"
"Gad22",1.90164404828723e-308,1.83931682056037,0.966,0.566,1.84250291838549e-304,"10","Gad2"
"Dlx51",6.02217550313936e-303,2.86447789975286,0.471,0.088,5.83488584499173e-299,"10","Dlx5"
"Gucy1a13",2.58204287128531e-290,2.46171910155431,0.653,0.185,2.50174133798834e-286,"10","Gucy1a1"
"Dgkb3",1.63959593756104e-279,1.7975253346335,0.944,0.622,1.58860450390289e-275,"10","Dgkb"
"Otof2",1.95273323288485e-273,2.85605275078031,0.476,0.099,1.89200322934213e-269,"10","Otof"
"Arpp193",1.70628698549816e-267,1.37769356779121,0.996,0.908,1.65322146024917e-263,"10","Arpp19"
"Tmem1584",1.20185766834516e-255,1.8931973930184,0.888,0.504,1.16447989485962e-251,"10","Tmem158"
"Gng7",2.38455162310156e-254,2.77721810013424,0.397,0.072,2.3103920676231e-250,"10","Gng7"
"Adcy5",9.97525248101934e-249,2.61437611430204,0.504,0.121,9.66502212885964e-245,"10","Adcy5"
"Wfs13",1.58426942650302e-228,1.44567047439312,0.847,0.397,1.53499864733877e-224,"10","Wfs1"
"Tomm70a2",2.17211961548307e-218,1.64255439874323,0.896,0.682,2.10456669544155e-214,"10","Tomm70a"
"Cabp71",0,3.55870605605922,0.996,0.265,0,"11","Cabp7"
"Doc2b5",0,3.35003949303146,0.87,0.221,0,"11","Doc2b"
"Pou3f11",0,4.35050756397583,0.754,0.107,0,"11","Pou3f1"
"Wfs14",0,4.02277175997691,0.953,0.393,0,"11","Wfs1"
"Gpr161",0,4.81904015741396,0.547,0.037,0,"11","Gpr161"
"Hpca3",0,2.80079387634728,0.842,0.332,0,"11","Hpca"
"Wipf3",0,3.38701305382854,0.583,0.107,0,"11","Wipf3"
"Sstr41",0,3.09341280862569,0.612,0.154,0,"11","Sstr4"
"Arl151",0,3.04704821137585,0.57,0.129,0,"11","Arl15"
"Lrrc10b1",0,3.64327854061022,0.463,0.044,0,"11","Lrrc10b"
"Cnksr25",0,1.92521118147915,0.968,0.624,0,"11","Cnksr2"
"Ddn4",0,2.5083101632425,0.999,0.659,0,"11","Ddn"
"Jph46",0,1.866477077628,0.98,0.707,0,"11","Jph4"
"Kcnab22",0,1.74841857963193,1,0.843,0,"11","Kcnab2"
"Camk2a4",0,1.76613218313577,1,0.896,0,"11","Camk2a"
"Trim22",0,1.56201312548555,0.994,0.92,0,"11","Trim2"
"Git12",4.25637778198037e-315,1.49634787607732,0.999,0.955,4.12400443296078e-311,"11","Git1"
"Gabra53",6.96809518746865e-306,2.29445012088935,0.794,0.297,6.75138742713837e-302,"11","Gabra5"
"Trpc4",9.35438829152792e-290,3.06060767131902,0.441,0.081,9.0634668156614e-286,"11","Trpc4"
"Sipa1l31",6.15255051573774e-283,2.4955604330733,0.638,0.178,5.96120619469829e-279,"11","Sipa1l3"
"Rab372",0,3.14840763830847,0.98,0.182,0,"12","Rab37"
"Prkcd2",0,3.21751321522836,0.921,0.146,0,"12","Prkcd"
"Adra1b2",0,2.8469703523307,0.967,0.243,0,"12","Adra1b"
"Pcp43",0,2.64865126605785,0.98,0.281,0,"12","Pcp4"
"Zic12",0,2.00521894878983,0.902,0.229,0,"12","Zic1"
"Plcb42",0,2.41013454779713,0.925,0.296,0,"12","Plcb4"
"Wnt9b1",0,3.18680395335323,0.693,0.085,0,"12","Wnt9b"
"Adarb12",0,2.65419626809717,0.873,0.275,0,"12","Adarb1"
"Rgs32",0,1.97588108088923,0.923,0.328,0,"12","Rgs3"
"Mb21d22",0,2.23606077023978,0.9,0.336,0,"12","Mb21d2"
"Rgs44",0,2.25561912755613,0.856,0.295,0,"12","Rgs4"
"Opn31",0,2.97235781806536,0.659,0.107,0,"12","Opn3"
"Kcna12",0,2.101523217384,0.967,0.468,0,"12","Kcna1"
"Nefh1",0,2.69158852316633,0.996,0.519,0,"12","Nefh"
"Sprn2",0,1.95977460817609,0.973,0.53,0,"12","Sprn"
"Pakap.12",0,2.00859176272515,1,0.725,0,"12","Pakap.1"
"Kndc12",0,1.73733150450301,0.997,0.781,0,"12","Kndc1"
"Scn1b3",0,1.60849518483518,1,0.893,0,"12","Scn1b"
"Nsmf4",0,1.60546212397868,1,0.916,0,"12","Nsmf"
"Cplx13",0,1.73042192895402,1,0.928,0,"12","Cplx1"
"Cabp72",0,3.37820144238331,0.977,0.268,0,"13","Cabp7"
"Homer31",5.25826119670612e-247,2.70911151750635,0.52,0.12,5.09472927348856e-243,"13","Homer3"
"Lrrc10b2",5.96520224717321e-236,2.64230938434076,0.332,0.049,5.77968445728613e-232,"13","Lrrc10b"
"Shisa64",2.94202609953574e-235,2.5099086679385,0.695,0.243,2.85052908784018e-231,"13","Shisa6"
"Gabra54",3.31396635831395e-234,2.39442507000742,0.746,0.3,3.21090200457038e-230,"13","Gabra5"
"Rerg3",2.74727744223045e-229,2.97799982913004,0.507,0.125,2.66183711377708e-225,"13","Rerg"
"Kcnab24",1.42526945557628e-195,1.14320360497362,0.985,0.843,1.38094357550786e-191,"13","Kcnab2"
"Hpca4",1.42182770657098e-193,2.32459635743414,0.742,0.336,1.37760886489662e-189,"13","Hpca"
"Neurod63",8.33669681638181e-193,2.65087473313871,0.504,0.139,8.07742554539233e-189,"13","Neurod6"
"Selenow1",1.65974219881169e-188,0.919500999283118,1,0.992,1.60812421642864e-184,"13","Selenow"
"Rims13",6.1456635566169e-173,1.38256628775934,0.934,0.705,5.95453342000611e-169,"13","Rims1"
"Nptxr4",1.20864258156053e-167,1.85471105897064,0.995,0.922,1.171053797274e-163,"13","Nptxr"
"Nr4a33",3.78561700552684e-155,2.10287593438808,0.626,0.256,3.66788431665496e-151,"13","Nr4a3"
"Camk2a5",5.41286341345832e-152,0.889283164335675,0.999,0.896,5.24452336129977e-148,"13","Camk2a"
"Nrip34",8.35517511553701e-149,2.02434980564589,0.62,0.264,8.09532916944381e-145,"13","Nrip3"
"Klhl27",2.3575437515475e-147,2.01463798429974,0.803,0.576,2.28422414087437e-143,"13","Klhl2"
"Scara33",1.37870550413497e-145,1.59493435942275,0.741,0.374,1.33582776295637e-141,"13","Scara3"
"Neurod25",2.85512655591826e-145,1.93074528383385,0.653,0.28,2.7663321200292e-141,"13","Neurod2"
"Epha82",4.90346573697596e-135,2.49863563166035,0.374,0.101,4.75096795255601e-131,"13","Epha8"
"Tuba81",2.47445957629785e-134,2.29167135973136,0.396,0.111,2.39750388347499e-130,"13","Tuba8"
"Zic13",0,3.34434852730644,0.818,0.234,0,"14","Zic1"
"Irx11",0,4.05428419356635,0.552,0.081,0,"14","Irx1"
"Pou4f1",0,8.83144850990546,0.417,0.003,0,"14","Pou4f1"
"Chrna3",0,7.7620324748849,0.307,0.028,0,"14","Chrna3"
"Lrrc55",1.16638406657677e-232,4.27636859886746,0.562,0.147,1.13010952210623e-228,"14","Lrrc55"
"Gng8",5.78771571331139e-197,3.73161251991792,0.35,0.063,5.6077177546274e-193,"14","Gng8"
"Amigo2",1.22502011636106e-196,3.55612817633702,0.31,0.049,1.18692199074223e-192,"14","Amigo2"
"Nnat5",3.98095554033793e-181,1.84004824954429,0.985,0.766,3.85714782303342e-177,"14","Nnat"
"Prkcq",6.5491049485841e-181,3.13972316264227,0.407,0.091,6.34542778468313e-177,"14","Prkcq"
"Nwd22",7.51897083849658e-170,4.99424357172045,0.468,0.137,7.28513084541933e-166,"14","Nwd2"
"Igf21",5.50709223099809e-163,1.27542500910637,0.657,0.235,5.33582166261405e-159,"14","Igf2"
"Vav33",1.1216004111649e-148,2.95937315013545,0.407,0.104,1.08671863837767e-144,"14","Vav3"
"Kctd8",6.32433771959096e-146,3.27505611655554,0.382,0.096,6.12765081651168e-142,"14","Kctd8"
"Htr2c4",1.07326965405421e-143,2.35541655187024,0.589,0.226,1.03989096781312e-139,"14","Htr2c"
"Pbx34",3.55926881792442e-137,1.77028505619138,0.75,0.374,3.44857555768697e-133,"14","Pbx3"
"Cbln23",3.15498330606303e-135,2.6498737675816,0.49,0.169,3.05686332524447e-131,"14","Cbln2"
"Dach11",7.32337897828506e-132,2.75125146961515,0.32,0.073,7.09562189206039e-128,"14","Dach1"
"Dner5",3.49766665511922e-131,1.68409533189918,0.853,0.583,3.38888922214501e-127,"14","Dner"
"Gfra11",1.15169887046301e-127,3.6603493150034,0.536,0.209,1.11588103559161e-123,"14","Gfra1"
"Adcy83",5.76119217851551e-123,1.75008822645277,0.676,0.306,5.58201910176368e-119,"14","Adcy8"
"Tshz23",0,3.62219689935308,0.937,0.174,0,"15","Tshz2"
"Satb12",9.88131291682493e-324,2.23836277327409,0.995,0.479,9.57400408511168e-320,"15","Satb1"
"Nat8l3",2.29890633972721e-271,1.79729518310374,0.998,0.74,2.2274103525617e-267,"15","Nat8l"
"Stac23",1.24915644370504e-267,2.00428334944123,0.974,0.406,1.21030767830581e-263,"15","Stac2"
"Shisa8",2.24948586606186e-264,4.2013012072883,0.296,0.03,2.17952685562734e-260,"15","Shisa8"
"Klf5",9.55158355218205e-258,3.0591673685474,0.499,0.089,9.25452930370919e-254,"15","Klf5"
"Igfbp62",1.83248261625491e-254,2.55638146237789,0.576,0.115,1.77549240688938e-250,"15","Igfbp6"
"Satb23",1.73392354796288e-242,2.1794647372689,0.743,0.202,1.67999852562124e-238,"15","Satb2"
"1110008P14Rik2",4.50423859399933e-242,1.69136896035727,0.997,0.781,4.36415677372595e-238,"15","1110008P14Rik"
"Osbpl1a2",1.68308886802859e-219,1.79440453211904,0.968,0.58,1.63074480423291e-215,"15","Osbpl1a"
"Scn1b5",1.18887780339631e-218,1.42944568528872,1,0.894,1.15190370371068e-214,"15","Scn1b"
"Tenm26",3.97123901084389e-212,1.99932562964526,0.871,0.36,3.84773347760665e-208,"15","Tenm2"
"Strbp3",5.56807180927334e-203,1.50083639452791,0.971,0.596,5.39490477600494e-199,"15","Strbp"
"Pou3f12",1.72884469498141e-200,2.04294224518356,0.537,0.118,1.67507762496749e-196,"15","Pou3f1"
"Snap253",1.0614455727559e-199,1.0493401375836,1,0.982,1.02843461544319e-195,"15","Snap25"
"Zbtb185",3.31025830603835e-194,1.54830118585092,0.973,0.595,3.20730927272055e-190,"15","Zbtb18"
"Coro64",5.72070656842756e-192,2.03434777237728,0.705,0.219,5.54279259414947e-188,"15","Coro6"
"Sema7a4",4.84868903983201e-188,1.66840028584013,0.911,0.418,4.69789481069324e-184,"15","Sema7a"
"Trim374",6.7345119887111e-187,1.41743619898261,0.968,0.595,6.52506866586219e-183,"15","Trim37"
"Tcap2",1.13999431356815e-185,2.47745774034064,0.516,0.121,1.10454049041618e-181,"15","Tcap"
"Six33",0,4.07277978710163,0.971,0.176,0,"16","Six3"
"Trh",0,5.16424039634187,0.643,0.022,0,"16","Trh"
"Esrrb",3.62913011443993e-251,4.13105442648646,0.298,0.02,3.51626416788085e-247,"16","Esrrb"
"Spp1",1.61577322800485e-234,4.05926906996693,0.257,0.015,1.5655226806139e-230,"16","Spp1"
"Npy4",1.15593439591019e-210,2.60890504010435,0.941,0.313,1.11998483619739e-206,"16","Npy"
"Fgf11",3.52515832091908e-208,3.21408183222865,0.661,0.127,3.4155258971385e-204,"16","Fgf11"
"Gfra12",2.07645765641578e-204,2.77016496413287,0.802,0.21,2.01187982330125e-200,"16","Gfra1"
"Gad23",9.84902348169233e-197,2.68467378623856,0.997,0.573,9.5427188514117e-193,"16","Gad2"
"AI5934425",1.10605174965897e-189,2.55039483247871,0.988,0.643,1.07165354024458e-185,"16","AI593442"
"Inhbb3",3.98547529423781e-169,3.11656532631439,0.599,0.124,3.86152701258701e-165,"16","Inhbb"
"Atp1b17",3.73300318247107e-168,1.52008512771372,1,0.999,3.61690678349622e-164,"16","Atp1b1"
"Nefh3",8.4739276385588e-150,2.55451733958534,0.941,0.528,8.21038848899962e-146,"16","Nefh"
"Sema3e5",3.44940909352204e-134,2.32159457022274,0.735,0.232,3.3421324707135e-130,"16","Sema3e"
"Cplx16",5.85829119299547e-130,1.39020870092358,1,0.929,5.67609833689332e-126,"16","Cplx1"
"Rab373",4.24053369743887e-129,1.631493083064,0.752,0.199,4.10865309944852e-125,"16","Rab37"
"Zfp385a4",8.70582152756174e-119,2.05770236309607,0.9,0.528,8.43507047805457e-115,"16","Zfp385a"
"Cygb4",4.70331974326072e-112,2.19606789561051,0.69,0.228,4.55704649924531e-108,"16","Cygb"
"Mdh14",5.92351375779463e-109,1.04177749410521,1,0.99,5.73929247992721e-105,"16","Mdh1"
"Esrrg1",3.14169703388692e-96,2.53744759045461,0.49,0.127,3.04399025613303e-92,"16","Esrrg"
"Podxl25",3.33948753773744e-95,1.57469709344021,0.917,0.666,3.2356294753138e-91,"16","Podxl2"
"Folr1",0,8.55432014355913,0.744,0.018,0,"17","Folr1"
"Ttr",0,10.4684148295071,0.76,0.037,0,"17","Ttr"
"Sostdc1",0,9.38693436313311,0.571,0.013,0,"17","Sostdc1"
"Cfap100",0,5.53295760430445,0.565,0.018,0,"17","Cfap100"
"Foxj1",0,4.85963102699839,0.565,0.038,0,"17","Foxj1"
"Dnali1",0,4.47513184373894,0.565,0.041,0,"17","Dnali1"
"Capsl",0,5.45990794919621,0.457,0.014,0,"17","Capsl"
"Fam183b",0,5.24088453755656,0.442,0.016,0,"17","Fam183b"
"Prlr",0,7.24141654324908,0.442,0.028,0,"17","Prlr"
"Dnah1",0,5.13763057575954,0.429,0.016,0,"17","Dnah1"
"Col8a2",0,6.58412673737039,0.42,0.013,0,"17","Col8a2"
"Calml4",0,6.55173095578433,0.41,0.009,0,"17","Calml4"
"Fam216b",0,5.5379427491358,0.401,0.012,0,"17","Fam216b"
"Fam166b",0,5.29780728090578,0.382,0.012,0,"17","Fam166b"
"1700016K19Rik",0,5.65052109864705,0.379,0.009,0,"17","1700016K19Rik"
"Lama3",0,5.33622492003312,0.391,0.022,0,"17","Lama3"
"Ttc25",0,4.53171162788946,0.379,0.022,0,"17","Ttc25"
"Slc4a5",0,8.11638188647612,0.356,0.004,0,"17","Slc4a5"
"Aqp1",0,7.4145987874217,0.35,0.009,0,"17","Aqp1"
"Itgb6",0,6.63985264547276,0.341,0.006,0,"17","Itgb6"
"Sim1",0,8.96939623036185,1,0.005,0,"18","Sim1"
"Dach12",2.09050188291607e-65,4.35793457565031,1,0.079,2.02548727435738e-61,"18","Dach1"
"Tac2",6.07279592938118e-64,6.63951204842202,1,0.087,5.88393197597742e-60,"18","Tac2"
"Gpr83",6.43837699618544e-61,4.51994870029717,0.957,0.077,6.23814347160407e-57,"18","Gpr83"
"Adcyap14",2.64957396042986e-42,4.29642119232397,1,0.135,2.56717221026049e-38,"18","Adcyap1"
"Pou3f13",1.77521774660373e-39,4.00676237532306,0.957,0.127,1.72000847468435e-35,"18","Pou3f1"
"Rprm3",6.05444200831258e-37,3.89965312646373,0.913,0.118,5.86614886185405e-33,"18","Rprm"
"Cbln25",9.46397620883445e-35,4.13255329895029,1,0.176,9.1696465487397e-31,"18","Cbln2"
"Rec114",4.27103199641131e-34,4.24562428124415,0.478,0.032,4.13820290132292e-30,"18","Rec114"
"Pld51",5.67262991330363e-33,3.18978629878715,0.826,0.095,5.49621112299989e-29,"18","Pld5"
"Trim542",1.19011954051416e-30,3.22758337336718,0.739,0.082,1.15310682280417e-26,"18","Trim54"
"Cnr1",3.0890060612499e-28,3.40661311518362,0.696,0.08,2.99293797274503e-24,"18","Cnr1"
"Lrrc552",2.83383101135837e-26,2.62718843352354,0.913,0.158,2.74569886690513e-22,"18","Lrrc55"
"C1ql1",4.15843011537365e-26,3.42939573803746,0.87,0.151,4.02910293878553e-22,"18","C1ql1"
"Mn15",1.34615104606253e-25,3.1923193957642,0.957,0.197,1.30428574852999e-21,"18","Mn1"
"Cd442",3.48174000744359e-24,2.80221715159102,0.783,0.112,3.3734578932121e-20,"18","Cd44"
"Synpr6",9.7867330421188e-24,4.35296146318043,1,0.318,9.48236564450891e-20,"18","Synpr"
"Rtn4rl25",1.58891999561704e-23,3.02740183379741,0.87,0.158,1.53950458375335e-19,"18","Rtn4rl2"
"Hs6st26",2.77487692077418e-23,3.53052934120538,0.957,0.253,2.68857824853811e-19,"18","Hs6st2"
"Lmo3",9.52941932494559e-22,4.04078086359861,0.304,0.02,9.23305438393979e-18,"18","Lmo3"
